ID,LOCATION,Name,CAS,SMILES,Pred. CN,Stdev. CN,Pred. YSI,Stdev. YSI,Pred. KV,Stdev. KV,Pred. CP,Stdev. CP,Pred. LHV,Stdev. LHV,Pred. FP,Stdev. FP
1,C3,Dimethyl ether,115-10-6,COC,46.63484,4.3679953,7.56385,1.8222753,0.23800954,0.032364048,16.67972,2.7266915,29.104416,0.4338168,-41.976906,4.6573753
2,D3,1-Methoxy-2-propanone,5878-19-3 ,CC(=O)COC,30.415874,4.1649647,16.6711,4.0015216,0.5233001,0.095410965,28.020508,3.8842824,25.902431,0.6571885,16.837431,4.550529
3,E3,2-methoxyfuran,25414-22-6,COC1=CC=CO1,10.803156,1.7160192,36.87128,11.484523,0.6176519,0.10128497,24.957067,4.1985636,24.195662,0.538596,28.906992,7.1210346
4,F3,5-methoxyfurfural,21300-07-2,COC1=CC=C(O1)C=O,26.380621,3.347172,35.63367,8.426301,1.4446448,0.3669566,28.404348,4.360569,21.717701,0.7572003,87.51043,10.075261
5,G3,2-methoxy-2-cyclopentene-1-one,22323-97-3,COC1=CCCC1=O,22.645014,3.0912278,34.072723,4.531095,1.4837343,0.33459783,28.807337,4.4120207,27.740795,0.66385245,68.71221,8.705681
6,Q3,Methoxybenzene,100-66-3 ,COC1=CC=CC=C1,7.9838314,2.2774284,108.18579,10.321367,0.7632134,0.14645295,17.000055,5.13476,33.796528,0.5988197,42.7302,6.565522
7,P3,"1,2-dimethoxybenzene",91-16-7 ,COC1=CC=CC=C1OC,13.363103,2.694916,102.86399,19.531836,1.1421973,0.35098723,24.518274,4.9439387,29.698776,0.59455496,67.98763,8.40237
8,I3,1-methoxy-2-methylbenzene,578-58-5,CC1=CC=CC=C1OC,9.043841,2.7931323,148.39485,14.468208,0.8156759,0.10269495,16.418068,5.7436624,34.96688,0.6021008,51.17981,6.805925
9,B2,Diphenyl Ether,101-84-8 ,C1=CC=C(C=C1)OC2=CC=CC=C2,10.802717,3.2347827,335.5986,62.994305,2.185896,0.28361768,8.785519,6.6091237,43.86542,1.3744289,106.62632,11.311879
10,D2,1-phenoxy-2-propanone,621-87-4 ,CC(=O)COC1=CC=CC=C1,13.066554,3.6629448,105.00984,13.093765,1.1889857,0.2475871,27.169275,4.957396,30.98674,0.68515205,102.38267,10.802025
11,E2,2-phenoxymethylfuran,4437-23-4,C1=CC=C(C=C1)OCC2=CC=CO2,11.636036,3.7815883,211.32309,34.22806,2.114005,0.30342254,26.878162,5.2133636,36.119057,1.2201109,107.25744,11.3328
12,F2,5-phenoxymethylfurfural,685904-18-1,C1=CC=C(C=C1)OCC2=CC=C(O2)C=O,21.6824,4.260652,184.52258,33.557095,3.0561252,0.4444266,31.128778,4.9121947,34.590233,1.1656926,143.76564,15.854933
13,G2,2-phenoxy-2-cyclopentene-1-one,65131-67-1,O=C1C(OC2=CC=CC=C2)=CCC1,17.926674,3.638178,153.55801,24.774755,2.119975,0.3200451,27.13664,5.6008005,35.23403,0.97151643,125.22598,13.4477005
14,H2,1-methoxy-2-phenoxybenzene,1695-04-1,COC1=CC=CC=C1OC2=CC=CC=C2,13.199328,4.098668,331.74228,61.3728,2.9884942,0.40534675,19.948244,6.985259,39.98667,1.315078,118.73615,12.979836
15,I2,1-methyl-2-phenoxybenzene,3991-61-5 ,CC1=CC=CC=C1OC2=CC=CC=C2,6.54786,3.1929388,425.59314,68.332184,2.5217595,0.30059156,9.570188,7.139892,44.521976,1.3209602,105.23004,11.50075
16,J2,1-methyl-4-phenoxybenzene,1706-12-3,CC1=CC=C(C=C1)OC2=CC=CC=C2,6.9795103,3.2039523,433.66113,68.44886,2.531921,0.3071561,8.618208,6.8287444,44.71968,1.3006333,105.10888,11.650502
17,K2,2-methoxy-4-methyl-1-phenoxybenzene,128837-56-9,CC1=CC(OC)=C(OC2=CC=CC=C2)C=C1,15.011847,4.3111496,403.32413,71.95425,3.377395,0.4151428,16.412182,7.540087,40.997665,1.2819798,116.17593,13.6537
18,L2,"1,3-dimethyl-5-phenoxybenzene",25539-14-4,CC1=CC(=CC(=C1)OC2=CC=CC=C2)C,7.4148364,3.4317107,526.75275,78.1563,2.924462,0.3608349,9.054641,7.293549,45.240047,1.1776807,104.42268,12.285655
19,M2,1-ethyl-3-phenoxybenzene,78427-95-9,CCC1=CC(=CC=C1)OC2=CC=CC=C2,7.946754,3.183869,467.8255,73.63532,2.9500816,0.3510644,7.621554,6.9327188,45.929256,1.3106259,102.711815,12.248601
20,N2,1-ethyl-4-phenoxybenzene,36207-23-5,CCC1=CC=C(OC2=CC=CC=C2)C=C1,8.182235,3.2165575,472.72754,73.75276,2.9519622,0.34311864,6.1183834,6.5164433,46.03242,1.3347968,100.98599,12.288915
21,E3,2-Methoxytetrahydrofuran,13436-45-8 ,COC1CCCO1,40.490845,4.6813126,23.148932,3.9128456,0.71209425,0.14897938,28.447983,4.0698895,27.62424,0.64180624,19.867258,5.341944
22,,tetrahydro-5-methoxy-2-furanmethanol,801288-71-1 ,COC1CCC(CO)O1,18.133072,2.9169998,30.141865,4.394946,5.465857,0.7243118,35.16719,4.09497,25.152336,0.82798433,81.04636,9.158892
23,,2-methoxy-1-cyclopentanol,51233-74-0 ,COC1CCCC1O,16.575054,2.1482477,30.852434,3.381101,5.0611653,0.44975686,28.470196,4.4585414,30.09063,0.9039802,73.55916,7.42127
24,,Methoxycyclohexane,931-56-6 ,COC1CCCCC1,48.532642,3.6517985,37.315243,3.6156118,0.8112468,0.1782017,19.77826,4.8379965,37.445618,0.68640953,25.312952,3.5916338
25,,"1,2-dimethoxycyclohexane",19752-95-5 ,COC1CCCCC1OC,53.677868,5.0196524,38.577457,4.1336575,1.1495308,0.23782435,29.248943,4.470454,33.090374,0.62813395,50.44896,5.476163
26,,1-methoxy-2-methylcyclohexane,32122-44-4,CC1CCCCC1OC,44.949936,3.8693278,49.11475,5.3505206,0.88792616,0.11639554,19.429337,5.421524,38.567314,0.7257903,32.159897,3.5487304
27,,"1,1'-oxybiscyclohexane",4645-15-2 ,C1CCC(CC1)OC2CCCCC2,75.241844,5.228937,81.05409,17.194708,2.457318,0.35200855,11.702715,6.8149266,45.206768,1.0658084,87.82509,7.337617
28,,1-cyclohexoxyl-2-propanol,5334-13-4,CC(COC1CCCCC1)O,34.287025,4.126078,46.277676,4.823802,3.9426508,0.8629376,27.536718,4.888065,34.889122,0.8439907,96.60043,8.6654415
29,,2-cyclohexoxyl-tetrahydrofuran,1918-61-2,C1CCC(CC1)OC2CCCO2,60.179394,5.2674236,49.63148,11.765859,1.7063369,0.19772157,26.718008,5.246626,35.9412,0.83557284,78.957634,7.5814915
30,,5-cyclohexoxyl-tetrahydrofuran-2-methanol,,OCC1CCC(OC2CCCCC2)O1,38.59762,4.411848,66.03764,18.5861,2.9916904,0.8843525,35.505844,4.632795,33.64893,0.8399911,117.21708,11.513826
31,,2-cyclohexoxyl-cyclopenanol,2155517-59-0 ,OC1CCC(C1)OC1CCCCC1,39.464687,4.472853,66.436874,16.708,2.9627533,0.72287196,25.866907,5.6376524,38.175583,0.95546305,108.91776,9.971384
32,,2-methoxy-1-cyclohexyloxy-cyclohexane,,COC1CCCCC1OC1CCCCC1,77.88317,6.083691,97.00974,22.704197,3.037685,0.38494748,26.154272,6.1160274,42.37236,0.99981415,101.2162,8.832562
33,,1-cyclohexyloxy-2-methyl-cyclohexane,,CC1CCCCC1OC1CCCCC1,66.17422,5.4147496,116.87532,20.252481,2.8470423,0.3954948,12.4469795,7.342407,46.475952,1.0338002,93.96001,7.3769355
34,,1-cyclohexyloxy-4-methyl-cyclohexane,92154-99-9 ,CC1CCC(CC1)OC1CCCCC1,70.05222,5.4611144,116.574295,20.234753,2.7715127,0.3773935,11.244325,7.097902,46.95424,1.083213,94.85989,7.362638
35,,2-methoxy-4-methyl-1-cyclohexyloxy cyclohexene,,COC1=C(CCC(C)C1)OC1CCCCC1,66.159096,6.3361745,135.43073,26.848711,3.3357165,0.37809044,23.617588,6.678372,43.322174,1.056987,103.42195,10.062187
36,,"1,3-dimethyl-5-cyclohexoxy cyclohexane",,CC1CC(C)CC(C1)OC1CCCCC1,63.37063,5.68444,153.67867,22.59924,3.2237923,0.44996244,11.02502,7.538886,48.488316,1.149923,99.52469,7.6345773
37,,1-ethyl-3-cyclohexoxy cyclohexane,,CCC1CCCC(C1)OC1CCCCC1,66.30419,5.559293,142.10614,22.915627,3.2569678,0.46091467,10.866493,7.4005156,48.857788,1.1972988,102.26132,7.74137
38,,1-ethyl-4-cyclohexoxy cyclohexane,,CCC1CCC(CC1)OC1CCCCC1,71.134674,5.5655527,141.84818,23.224384,3.2088304,0.4412079,8.332906,6.9294353,48.935806,1.1880281,102.79332,7.8374386
39,D4,"1,1'-oxybis-2-propanone",76089-31-1 ,CC(=O)COCC(=O)C,18.95056,3.662504,25.858799,5.2137523,1.2556348,0.27603525,33.273827,4.1628556,23.109474,0.7741319,75.40889,9.162545
40,E4,1-(2-furanmethoxy)-2-Propanone,147380-69-6,CC(COCC1=CC=CO1)=O,18.354918,4.3987145,53.935314,8.913309,1.2782761,0.35821763,35.827747,4.121218,25.227314,0.70583576,104.535286,10.882161
41,H4,1-(2-methoxyphenoxy)-2-Propanone,6437-46-3,CC(=O)COC1=CC=CC=C1OC,18.986662,4.619614,96.147354,19.276878,1.6641259,0.32338637,34.994247,4.819371,29.275087,0.8179785,122.53255,13.105757
42,I4,1-(2-methylphenoxy)-2-Propanone,13662-01-6,CC1=CC=CC=C1OCC(=O)C,13.404117,3.794252,129.46542,16.55187,1.3473942,0.21401806,27.062656,5.5268955,32.24309,0.7069853,104.89531,11.114694
43,O2,1-ethenyl-4-phenoxy-Benzene,4973-29-9,C=CC1=CC=C(C=C1)OC2=CC=CC=C2,10.40263,3.4764042,515.98584,78.64733,2.9784484,0.3619697,5.9721704,6.446153,46.859585,1.4955474,103.48047,12.514444
44,P2,4-ethenyl-2-methoxy-1-phenoxy-Benzene,1431942-87-8,COC1=C(OC2=CC=CC=C2)C=CC(C=C)=C1,17.411858,4.367313,483.35492,84.166885,3.865311,0.46755633,13.351579,7.692562,42.57292,1.5227368,117.3824,14.388985
45,Q2,"1,3-dimethoxy-2-phenoxy-benzene",860688-13-7,COC1=CC=CC(OC)=C1OC2=CC=CC=C2,21.165451,5.376425,341.15613,62.43512,3.869565,0.49990925,30.214695,6.309844,37.54149,1.3756707,133.39487,15.454387
46,R2,"1,3-dimethoxy-5-methyl-2-phenoxy-benzene",2289617-04-3,CC1=CC(OC)=C(OC2=CC=CC=C2)C(OC)=C1,23.196056,5.4102693,400.84808,70.3869,4.318598,0.5375746,25.19599,7.172395,38.716164,1.308616,131.075,15.613341
47,U2,"2,​6-​dimethoxy-​4-​(3-​phenoxy-​1-​propen-​1-​yl)​-Phenol",84700-97-0,COC1=C(O)C(OC)=CC(/C=C/COC2=CC=CC=C2)=C1,31.071497,5.866521,412.43747,63.09477,6.985548,0.918075,20.091375,7.3241615,39.64061,1.768758,185.41713,26.090778
48,V2,2-​methoxy-​1-​phenoxy-​4-​(1-​propen-​1-​yl)​-Benzene,18738-97-1,C/C=C/C1=CC(OC)=C(OC2=CC=CC=C2)C=C1,17.954372,4.7643623,521.8739,88.17801,4.4106274,0.51707256,9.883329,7.482545,44.91214,1.5678136,117.59535,14.4009905
49,J3,1-methoxy-4-methyl-benzene,104-93-8,CC1=CC=C(C=C1)OC,9.897676,2.7294416,144.63261,13.831226,0.79807466,0.09859758,21.9904,5.238718,35.152325,0.61378497,58.96087,7.679402
50,K3,"1,2-dimethoxy-4-methyl-benzene",494-99-5,CC1=CC(=C(C=C1)OC)OC,15.084106,3.145821,134.86392,19.346746,1.1901352,0.30961183,27.206322,5.2236824,31.604372,0.6172721,77.74502,9.370854
51,L3,"1-methoxy-3,5-dimethyl-benzene",874-63-5,CC1=CC(=CC(=C1)OC)C,6.52191,2.9177716,190.2979,21.43667,0.99106133,0.19964612,16.242096,6.0910287,36.213326,0.6397098,64.376205,8.172497
52,M3,1-ethyl-3-methoxybenzene,10568-38-4,CCC1=CC(=CC=C1)OC,8.421157,2.861123,181.2857,20.405344,0.9535457,0.12106747,17.476902,5.9720407,36.38956,0.6780743,65.26533,8.069815
53,N3,"4-ethyl-1,2-dimethyloxybenzene",5888-51-7,CCC1=CC(=C(C=C1)OC)OC,15.185577,3.4600153,156.82925,20.93208,1.3096787,0.20872808,23.96839,5.804356,33.30706,0.67194325,84.1859,9.824189
54,O3,1-ethenyl-4-methoxybenzene,637-69-4,COC1=CC=C(C=C1)C=C,12.036047,2.9080405,205.6367,23.64052,0.9349837,0.11722027,16.210455,6.024584,36.5434,0.85822225,65.00794,8.226765
55,P3,"4-ethenyl-1,2-dimethoxybenzene",6380-23-0,COC1=C(C=C(C=C1)C=C)OC,16.009047,3.514649,183.99643,23.59717,1.3405963,0.24663383,23.451931,5.84644,32.936413,0.64610344,89.36809,10.148949
56,Q3,"1,2,3-trimethoxybenzene",634-36-6,COC1=C(C(=CC=C1)OC)OC,21.217026,3.753527,98.91434,27.578825,1.4495769,0.44164047,33.56584,4.749845,27.815264,0.7356326,96.682816,10.709523
57,R3,"1,2,3-trimethoxy-5-methylbenzene",6443-69-2,CC1=CC(=C(C(=C1)OC)OC)OC,21.139055,4.0711775,124.83545,28.652964,1.6143571,0.4110134,33.081745,5.0961266,29.620972,0.7619773,105.0181,11.652552
58,S3,"3,4,5-trimethoxybenzaldehyde",86-81-7,COC1=CC(=CC(=C1OC)OC)C=O,31.925303,4.340024,80.39037,21.358414,2.0616097,0.63882923,36.769035,5.1923027,27.439392,0.9702656,150.13377,16.521286
59,T3,"1,2,3-trimethoxy-5-(2-propen-1-yl)benzene",487-11-6,COC1=CC(=CC(=C1OC)OC)CC=C,21.757404,3.914147,187.1349,27.537231,2.143518,0.32970688,29.389338,5.9467187,31.913279,0.9194609,114.80663,12.5303755
60,U3,"2,​6-​dimethoxy-​4-​(3-​methoxy-​1-​propen-​1-​yl)​-Phenol",81532-13-0,OC1=C(OC)C=C(/C=C/COC)C=C1OC,29.328646,4.271415,114.26701,21.04575,3.0125818,0.8767598,33.348606,5.357738,31.44117,1.1771448,155.73335,16.547718
61,V3,"1,2-dimethoxy-4-(1-propen-1-yl)benzene",93-16-3,C/C=C/C1=CC(=C(C=C1)OC)OC,16.099157,3.773131,205.60701,25.060404,1.564355,0.21642788,19.994553,6.4240737,35.90614,0.80424416,99.183426,10.989561
62,W3,"1,2,4-trimethoxy-5-(2-propen-1-yl)benzene",5353-15-1,COC1=CC(=C(C=C1CC=C)OC)OC,21.503428,3.9073548,184.9772,27.757742,2.1328025,0.30768943,30.123466,5.9572353,32.050552,0.9493614,114.1212,12.4390335
63,X3,"3,4,5-trimethoxybenzaldehyde",86-81-7,COC1=CC(=CC(=C1OC)OC)C=O,31.925303,4.340024,80.39037,21.358414,2.0616097,0.63882923,36.769035,5.1923027,27.439392,0.9702656,150.13377,16.521286
64,J4,1-(4-methylphenoxy)-2-propanone,6698-70-0,CC1=CC=C(C=C1)OCC(=O)C,13.44347,3.8846037,129.5734,16.169712,1.3532462,0.21028204,26.688828,5.2009664,32.28653,0.7093371,107.02427,11.3558855
65,K4,1-(2-methoxy-4-methylphenoxy)-2-propanone,856982-68-8,CC(COC1=CC=C(C)C=C1OC)=O,20.803371,4.5379567,117.77182,21.512007,1.9193186,0.3074609,34.098522,5.108812,30.912935,0.84386826,123.91926,13.474884
66,L4,"1-(3,5-dimethylphenoxy)-2-propanone",18621-26-6,CC1=CC(=CC(=C1)OCC(=O)C)C,14.614015,3.9685545,158.54974,19.020197,1.5868688,0.24853566,26.177313,5.7201304,33.80544,0.7378414,110.49385,12.116558
67,M4,1-(3-ethylphenoxy)-2-proanone,15422-22-7,CCC1=CC(=CC=C1)OCC(=O)C,16.427862,3.914317,146.9417,17.559292,1.5933832,0.21565378,25.531416,5.6988144,34.00223,0.7390203,107.948524,11.70401
68,N4,1-(4-ethyl-2-methoxyphenoxy)-2-proanone,1691745-67-1,CC(COC1=CC=C(CC)C=C1OC)=O,22.518818,4.580564,135.33319,21.42981,2.2158256,0.2751079,32.195656,5.495392,32.689552,0.9188207,122.35948,13.303755
69,O4,1-(4-ethylphenoxy)-2-propanone,1001253-03-7,CC(COC1=CC=C(C=C)C=C1)=O,15.441176,4.082472,170.26807,19.715446,1.6294665,0.21886617,22.86472,5.8624825,33.83878,0.7679361,112.371086,11.931497
70,Q4,"1-(2,6-dimethoxyphenol)-2-propanone",14064-85-8,CC(=O)COC1=C(C=CC=C1OC)OC,22.78531,5.5829134,96.19252,24.775644,2.2958217,0.3980246,43.97567,4.731742,28.119713,0.89881915,141.94218,15.341827
71,R4,"1-(2,6-dimethoxy-4-methylphenoxy)-2-propanone",1248490-44-9,CC(COC1=CC(OC)=C(C)C=C1OC)=O,25.120274,5.273015,116.53662,27.926048,2.5983734,0.3649116,41.757675,5.052437,29.928312,0.9751176,139.72366,15.119209
72,V4,1-[2-methoxy-4-(1-proen-1-yl)phenoxy]-2-propanone,1251510-80-1,CC(COC1=CC=C(/C=C/C)C=C1OC)=O,21.29243,4.555233,176.35248,23.671482,2.634379,0.29410958,28.568083,5.9831595,34.900894,1.1594731,124.98559,13.770242
73,E5,"2,2'-[oxybis(methylene)]bisfuran",4437-22-3,C1=COC(=C1)COCC2=CC=CO2,18.544928,4.6205053,117.34848,30.89746,2.1021848,0.31885278,33.877037,4.2210293,29.703371,1.1968054,113.65635,12.122391
74,H8,"1,1'-oxybis[2-methoxybenzene]",1655-70-5,COC1=CC=CC=C1OC2=CC=CC=C2OC,21.474298,5.504456,344.3319,66.09343,4.019583,0.5262993,27.025322,6.577768,37.66599,1.373128,133.23918,15.5413065
75,I9,"1,1'-oxybis[2-methylbenzene]",4731-34-4,CC1=CC=CC=C1OC2=CC=CC=C2C,6.476382,3.2876928,488.1788,75.72719,2.9254441,0.33280247,7.6646953,7.0476327,45.314518,1.2748733,106.55769,12.216831
76,J10,"1,1'-oxybis[4-methylbenzene]",1579-40-4,CC1=CC=C(C=C1)OC2=CC=C(C=C2)C,7.573164,3.3060925,512.62616,77.04705,2.9477062,0.34129018,5.2523584,6.2664294,45.39884,1.2762086,105.32991,12.477048
77,L12,"1,1'-oxybis[3,5-dimethylbenzene]",137591-57-2,CC1=CC(=CC(=C1)OC2=CC(=CC(=C2)C)C)C,11.056719,4.491958,667.50146,93.684494,3.8918293,0.4605935,6.2437687,7.105468,46.701103,1.1824186,105.112724,13.394532
78,F5,5-​[(2-​furanylmethoxy)​methyl]​-2-​Furancarboxaldehyde,131508-57-1,O=CC1=CC=C(COCC2=CC=CO2)O1,25.973194,4.9834404,108.47046,29.404108,3.074367,0.47838202,38.60618,4.0038157,29.012302,1.1613872,152.0831,17.594765
79,H5,2-​[(2-​methoxyphenoxy)​methyl]​Furan,873420-76-9,COC(C=CC=C1)=C1OCC2=CC=CO2,20.070683,4.946612,226.16899,40.284485,2.90783,0.38995105,35.28852,4.8901186,33.375324,1.2679574,121.93959,13.645101
80,I5,2-​[(2-​methylphenoxy)​methyl]​-Furan,860000-11-9,CC(C=CC=C1)=C1OCC2=CC=CO2,11.790331,3.8275201,263.01105,40.95138,2.4551578,0.31207335,24.862608,5.9557514,37.05693,1.1244878,106.56201,11.729962
81,J5,2-​[(4-​methylphenoxy)​methyl]​-Furan,408531-23-7,CC(C=C1)=CC=C1OCC2=CC=CO2,12.772608,3.873908,264.9952,42.39304,2.4656312,0.30443022,25.524727,5.553284,37.12145,1.114072,106.96318,11.834246
82,L5,"2-​[(3,​5-​dimethylphenoxy)​methyl]​-Furan",1492619-84-7,CC1=CC(OCC2=CC=CO2)=CC(C)=C1,14.569782,3.988139,327.94852,55.205692,2.849591,0.34914064,25.399775,6.0517244,37.85365,1.0268145,107.196175,12.536733
83,M5,2-​[(3-​ethylphenoxy)​methyl]​-Furan,1457659-72-1,CCC1=CC=CC(OCC2=CC=CO2)=C1,16.01185,3.7341282,299.64224,46.509155,2.8714197,0.33500358,24.414288,6.049187,38.475998,1.1044706,104.13937,12.511451
84,O15,"1,​1'-​oxybis[4-​ethenyl",7659-54-3,C=CC1=CC=C(C=C1)OC2=CC=C(C=C2)C=C,13.202562,3.9593914,694.0061,95.926384,4.041174,0.47434637,1.8086646,5.20185,50.510483,1.4808406,106.59512,13.028828
85,M13,bis(m-​ethylphenyl)Ether,108842-98-4,CCC1=CC(OC2=CC=CC(CC)=C2)=CC=C1,13.428712,3.6380565,589.753,85.66347,3.976868,0.456334,3.8386793,6.225654,47.92079,1.2535487,101.246574,13.325185
86,6F,"5,​5'-​[oxybis(methylene)​]​bis-2-​Furancarboxaldehyde",7389-38-0,C1=C(OC(=C1)C=O)COCC2=CC=C(O2)C=O,30.474741,5.572189,108.95148,33.273266,4.37816,0.6996922,37.434628,4.0910964,27.873838,1.2357416,199.3169,25.662128
87,I8,1-​methoxy-​2-​(2-​methylphenoxy)​benzene,26321-29-9,CC1=CC=CC=C1OC2=CC=CC=C2OC,14.152022,4.262473,395.88602,71.60149,3.429036,0.41781846,18.038546,7.7326274,41.03638,1.2949913,116.44422,13.60115
88,J8,1-​methoxy-​2-​(4-​methylphenoxy)​-benzene,3402-84-4,CC1=CC=C(C=C1)OC2=CC=CC=C2OC,15.115448,4.3927865,405.73886,74.51537,3.4397078,0.41387227,16.74209,7.481349,41.22068,1.2748419,115.4791,13.673616
89,J9,1-​methyl-​2-​(4-​methylphenoxy)​benzene,3402-72-0,CC1=CC=C(C=C1)OC2=CC=CC=C2C,7.006941,3.2970066,510.0575,76.14887,2.9327085,0.33577454,7.829819,6.980776,45.268753,1.3043771,104.62876,12.260647
90,J6,5-​[(4-​methylphenoxy)​methyl]​-2-​Furancarboxaldehyde,685904-16-9,CC1=CC=C(C=C1)OCC2=CC=C(O2)C=O,22.7677,4.451531,231.00386,36.949097,3.5238574,0.44843668,28.776926,5.2755313,36.05144,1.1132195,140.97595,16.425419
91,I6,5-​[(2-​methylphenoxy)​methyl]​-2-​Furancarboxaldehyde,438220-11-2,CC1=CC=CC=C1OCC2=CC=C(O2)C=O,22.298775,4.359265,231.49884,36.592503,3.5016742,0.4625988,28.562729,5.576462,35.910213,1.1188557,141.6291,16.368952
92,J7,2-​(4-​methylphenoxy)​-2-​Cyclopenten-​1-​one,2152638-61-2,CC1=CC=C(OC2=CCCC2=O)C=C1,18.11119,3.974373,194.73834,27.573967,2.4516494,0.32260212,25.722473,5.931698,36.660393,0.9983258,124.9813,13.655926
93,K10,2-​methoxy-​4-​methyl-​1-​(4-​methylphenoxy)​-benzene,125786-89-2,CC1=CC=C(C=C1)OC2=C(C=C(C=C2)C)OC,17.50992,4.5203915,486.33826,83.307884,3.9106605,0.46152407,14.188813,7.709489,42.056152,1.2267091,114.24907,14.124245
94,K6,5-​[(2-​methoxy-​4-​methylphenoxy)​methyl]​-2-​Furancarboxaldehyde,1988853-81-1,O=CC1=CC=C(COC2=C(OC)C=C(C)C=C2)O1,30.69715,5.75275,258.66647,46.59029,4.659236,0.6184567,35.55691,5.075074,34.553852,1.2793787,160.66559,19.663713
95,L10,"1,​3-​dimethyl-​5-​(4-​methylphenoxy)​-benzene",60893-66-5,CC1=CC(OC2=CC=C(C)C=C2)=CC(C)=C1,9.193238,3.7602928,605.0525,86.93605,3.396687,0.40062553,6.946368,7.0201874,46.189037,1.1975756,103.085976,12.987759
96,L9,"1,​3-​dimethyl-​5-​(2-​methylphenoxy)​-benzene",196604-20-3,CC1=CC=CC=C1OC2=CC(=CC(=C2)C)C,8.039944,3.664893,589.84485,85.14602,3.3741772,0.3928972,8.299321,7.5066385,46.201183,1.20616,102.89513,12.889909
97,L8,"1-​(2-​methoxyphenoxy)​-​3,​5-​dimethyl-benzene",612069-13-3,CC1=CC(OC2=CC=CC=C2OC)=CC(C)=C1,17.019232,4.5850735,489.81458,83.241806,3.944081,0.4839727,18.075386,7.935973,42.103592,1.1917831,115.18557,14.20002
98,L6,"5-​[(3,​5-​dimethylphenoxy)​methyl]​-2-​Furancarboxaldehyde",832740-58-6,CC1=CC(=CC(=C1)OCC2=CC=C(O2)C=O)C,24.621563,4.8969116,284.2773,42.871677,4.019978,0.51161754,28.695059,5.6870933,37.18468,1.1345476,141.305,16.665209
99,M6,5-​[(3-​ethylphenoxy)​methyl]​-2-​Furancarboxaldehyde,1912075-53-6,O=CC1=CC=C(COC2=CC(CC)=CC=C2)O1,24.379395,4.812325,268.391,39.96725,4.0538435,0.49448398,27.625582,5.7033753,37.668873,1.2215807,138.39676,16.4722
100,N6,5-​[(2-​methoxy-​4-​methylphenoxy)​methyl]​-2-​Furancarboxaldehyde,1988853-81-1,O=CC1=CC=C(COC2=C(OC)C=C(C)C=C2)O1,30.69715,5.75275,258.66647,46.59029,4.659236,0.6184567,35.55691,5.075074,34.553852,1.2793787,160.66559,19.663713
101,O8,1-​(4-​ethenylphenoxy)​-​2-​methoxy-benzene,1887240-07-4,COC1=C(OC2=CC=C(C=C)C=C2)C=CC=C1,17.488916,4.401379,500.9408,87.37721,4.0151963,0.48773366,12.72184,7.5830765,42.878613,1.4906188,117.35628,14.356576
102,O10,1-​ethenyl-​4-​(4-​methylphenoxy)​-benzene,1334332-92-1,C=CC1=CC=C(OC2=CC=C(C)C=C2)C=C1,10.480041,3.6660953,603.5348,85.89904,3.4465456,0.39694616,4.721601,6.2753525,47.692474,1.45606,101.66114,12.987312
103,Q6,"5-​[(2,​6-​dimethoxyphenoxy)​methyl]​-2-​Furancarboxaldehyde",1912075-55-8,O=CC1=CC=C(COC2=C(OC)C=CC=C2OC)C1,33.892426,5.6335664,258.61566,46.632435,5.1740484,0.65299183,37.232822,5.399818,36.588276,1.3084061,165.40279,20.39138
104,Q8,"1,​3-​dimethoxy-​2-​(2-​methoxyphenoxy)​-benzene",14065-00-0,COC1=CC=CC=C1OC2=C(OC)C=CC=C2OC,29.050413,6.2784257,371.12308,74.24299,5.130947,0.67411083,43.435463,5.3841662,35.993614,1.4883997,150.73969,17.80318
105,Q12,"2-​(3,​5-​dimethylphenoxy)​-​1,​3-​dimethoxy-benzene",1801978-70-0,CC1=CC(OC2=C(OC)C=CC=C2OC)=CC(C)=C1,25.606579,5.6809297,490.09488,87.22206,5.052305,0.6275262,28.878208,7.1420717,39.955536,1.270171,131.08142,15.626112
106,Q15,"2-​(4-​ethenylphenoxy)​-​1,​3-​dimethoxy-benzene",1887240-08-5,COC1=C(OC2=CC=C(C=C)C=C2)C(OC)=CC=C1,25.671585,5.671115,504.56458,93.09872,5.1423597,0.63337004,21.269485,7.5871105,40.3748,1.4669148,136.4309,16.598766
107,R6,"5-​[(2,​6-​dimethoxy-​4-​methylphenoxy)​methyl]​-2-​Furancarboxaldehyde",1920294-19-4,CC1=CC(OC)=C(OCC2=CC=C(C=O)O2)C(OC)=C1,37.80687,6.6496043,290.33594,57.593246,5.8881273,0.8073335,43.444576,4.7814155,33.187572,1.477676,184.48016,24.001781
108,V6,5-​[[2-​methoxy-​4-​(1-​propen-​1-​yl)​phenoxy]​methyl]​-2-​Furancarboxaldehyde,1922131-31-4,COC1=C(OCC2=CC=C(C=O)O2)C=CC(/C=C/C)=C1,30.465046,5.550197,359.91614,59.747078,6.0252028,0.77008945,28.13449,6.0300765,38.83527,1.475787,170.44266,23.355618
109,V15,1-​(4-​ethenylphenoxy)​-​2-​methoxy-​4-​(1-​propen-​1-​yl)​-benzene,2226670-11-5,C=CC(C=C1)=CC=C1OC2=CC=C(/C=C/C)C=C2OC,22.263578,5.5413613,729.4014,113.27429,5.889424,0.70393074,5.4864793,6.7557206,48.38285,1.6648397,124.35317,16.214336
110,X5,"1-​[4-​(2-​furanylmethoxy)​-​3,​5-​dimethoxyphenyl]​-ethanone",871795-36-7,COC(C=C(C(C)=O)C=C1OC)=C1OCC2=CC=CO2,33.644054,6.4931216,292.20966,54.298927,5.480959,0.71470016,44.17923,5.297502,33.103596,1.5732583,180.73361,23.018213
111,F4,,,O=CC1=CC=C(COCC(C)=O)C1,25.524494,4.452255,56.503597,7.391953,1.719583,0.28083748,34.053986,4.510412,29.653267,0.78082705,137.32002,15.4912615
112,G4,,,CC(COC1=CCCC1=O)=O,18.93139,3.927145,42.361786,5.8852367,1.4773598,0.3877339,35.513668,4.7059503,26.379858,0.7678997,111.02214,11.7388115
113,G5,,,O=C1C(OCC2=CC=CO2)=CCC1,22.53907,4.396693,80.93855,20.24844,2.1003242,0.3708407,37.236538,4.5230293,30.121277,0.9044466,127.48741,14.0319195
114,G6,,,O=C1C(OCC2=CC=C(C=O)O2)=CCC1,27.569582,5.086474,79.014595,21.329245,3.0671227,0.5712466,38.55818,4.4257436,28.815437,1.0419992,165.88994,18.438086
115,G7,,,O=C1C(OC2=CCCC2=O)=CCC1,23.893127,4.6898336,53.894146,12.944811,2.1513374,0.42333046,32.96772,5.3926916,29.983889,0.9445549,139.03973,15.632505
116,H7,,,O=C1C(OC2=C(OC)C=CC=C2)=CCC1,23.552628,4.6440406,164.098,32.431896,2.9202979,0.4392523,36.439346,5.239242,33.782284,0.988428,140.61563,15.273721
117,I7,,,O=C1C(OC2=C(C)C=CC=C2)=CCC1,18.651646,3.919455,192.68512,27.154257,2.4490263,0.32281622,27.143606,6.18438,36.61203,1.0070388,126.032715,13.757235
118,K5,,,COC(C=C(C)C=C1)=C1OCC2=CC=CO2,22.359783,4.8783126,273.69052,45.107697,3.3127253,0.40776366,33.27095,5.260582,34.60906,1.156315,119.95346,14.386815
119,K7,,,CC1=CC(OC)=C(OC2=CCCC2=O)C=C1,25.618382,4.7025037,205.62823,34.542118,3.3095074,0.44278726,33.813595,5.6817613,35.222794,1.0281705,138.01521,15.2465
120,K8,,,CC1=CC(OC)=C(OC2=CC=CC=C2OC)C=C1,23.738167,5.4523854,412.66852,75.13797,4.5202885,0.5621406,27.166025,6.900378,38.81078,1.3168035,129.56572,15.620745
121,K9,,,CC1=CC(OC)=C(OC2=CC=CC=C2C)C=C1,16.799877,4.4708433,471.75183,80.66028,3.8910336,0.4617954,16.379274,8.011215,42.088974,1.2368873,114.53968,14.182228
122,L7,,,O=C1C(OC2=CC(C)=CC(C)=C2)=CCC1,19.716599,4.056846,240.67395,32.879444,2.8461316,0.37825462,27.083437,6.248711,38.025333,0.96332467,127.37241,14.16504
123,L11,,,CC1=CC(C)=CC(OC2=CC=C(C)C=C2OC)=C1,19.777962,4.852959,565.44214,92.62164,4.456388,0.53314507,15.269165,8.197503,43.004208,1.197696,114.61943,14.406788
124,M7,,,O=C1C(OC2=CC(CC)=CC=C2)=CCC1,20.023134,3.9519403,224.22289,29.899912,2.8606467,0.352897,25.524446,6.3215184,38.32431,1.0292152,123.63696,13.514385
125,M8,,,CCC1=CC=CC(OC2=CC=CC=C2OC)=C1,18.168547,4.304502,452.41052,78.513565,3.9849,0.47780964,15.397832,7.860345,42.551743,1.255628,112.754616,14.079361
126,M9,,,CCC1=CC=CC(OC2=CC=CC=C2C)=C1,11.000117,3.4584014,546.14185,79.637024,3.4069297,0.3872245,6.8647957,7.080632,46.851185,1.262487,101.347824,12.884045
127,M10,,,CCC1=CC=CC(OC2=CC=C(C)C=C2)=C1,11.08326,3.4344463,556.258,80.71414,3.4197755,0.39063543,6.3258433,6.827877,46.900436,1.2567148,100.16836,12.962345
128,M11,,,CCC1=CC=CC(OC2=CC=C(C)C=C2OC)=C1,23.07307,4.664563,539.4342,87.87876,4.4969573,0.5247085,12.781109,7.980308,43.471058,1.2510484,112.22922,14.253341
129,M12,,,CCC1=CC=CC(OC2=CC(C)=CC(C)=C2)=C1,13.911585,3.9547305,644.1291,90.32573,3.929782,0.45593572,6.4679284,7.144307,47.39439,1.2203759,101.02358,13.32971
130,N5,,,CCC(C=C1OC)=CC=C1OCC2=CC=CO2,25.704948,4.8236527,309.5458,48.416058,3.7699625,0.43144262,30.87732,5.691945,35.984756,1.1493665,117.316055,14.521908
131,N7,,,CCC(C=C1OC)=CC=C1OC2=CCCC2=O,27.744343,4.8040686,238.54535,37.274235,3.747152,0.4392961,32.14529,6.0021653,36.745007,1.0887964,133.14536,15.253364
132,N8,,,CCC(C=C1OC)=CC=C1OC2=CC=CC=C2OC,28.255272,5.5008388,460.68286,81.78664,5.109684,0.6145658,22.520191,7.6593757,40.08473,1.3685129,128.29114,15.47023
133,N9,,,CCC(C=C1OC)=CC=C1OC2=CC=CC=C2C,21.476225,4.540542,523.15717,85.082924,4.4186916,0.5115993,12.968676,8.076873,43.428234,1.263963,111.82686,14.314106
134,N10,,,CCC(C=C1OC)=CC=C1OC2=CC=C(C)C=C2,22.279829,4.734966,540.50525,87.82441,4.4337454,0.507089,11.469036,7.695353,43.35123,1.2630563,111.22566,14.175359
135,N11,,,CCC(C=C1OC)=CC=C1OC2=CC=C(C)C=C2OC,31.546083,5.5192327,539.0471,94.524185,5.7642775,0.6946179,19.637455,8.02387,41.587425,1.3401372,127.99762,15.564217
136,N12,,,CCC(C=C1OC)=CC=C1OC2=CC(C)=CC(C)=C2,24.222536,4.822222,618.56824,97.80855,5.059172,0.596185,12.803163,8.227139,44.525387,1.2659664,112.8787,14.484843
137,N13,,,CCC(C=C1OC)=CC=C1OC2=CC=CC(CC)=C2,25.01761,4.5972733,581.87024,94.83721,5.1121864,0.5950634,10.816471,7.8693514,44.765823,1.2764443,111.78512,14.430398
138,N14,,,CCC(C=C1OC)=CC=C1OC2=CC=C(CC)C=C2OC,34.85982,6.230533,592.0111,104.425644,6.5093055,0.7829409,12.639643,8.055746,43.004894,1.4515798,128.67078,16.099068
139,O5,,,C=CC1=CC=C(COCC2=CC=CO2)C=C1,19.673548,4.4149623,346.0674,53.0458,3.421256,0.37324423,19.7385,6.4087467,40.820385,1.3604121,106.84639,13.553172
140,O6,,,C=CC1=CC=C(OCC2=CC=C(C=O)O2)C=C1,23.597925,4.590906,292.20334,44.96988,4.125225,0.509873,24.141945,5.955088,37.89132,1.1329662,146.87589,18.173315
141,O7,,,C=CC1=CC=C(OC2=CCCC2=O)C=C1,19.69589,4.297133,249.44022,34.3645,2.8860419,0.3546883,21.779112,6.546066,38.65874,1.0235554,124.61486,13.721805
142,O9,,,C=CC1=CC=C(OC2=CC=CC=C2C)C=C1,11.139919,3.7437787,597.2155,85.00634,3.4331472,0.39659992,5.58704,6.622175,47.61445,1.4667743,102.46961,13.062628
143,O11,,,C=CC1=CC=C(OC2=CC=C(C)C=C2OC)C=C1,20.589975,4.977005,594.41943,94.74042,4.5398283,0.5415538,10.329523,7.5324817,43.907467,1.3719933,116.61847,14.341525
144,O12,,,C=CC1=CC=C(OC2=CC(C)=CC(C)=C2)C=C1,12.633532,4.1116996,701.4483,96.20776,3.9587054,0.46739644,4.988746,6.604245,48.34183,1.3533417,102.395096,13.181757
145,O13,,,C=CC1=CC=C(OC2=CC=CC(CC)=C2)C=C1,13.473733,4.070632,651.0182,90.58039,3.9948251,0.46234003,4.90186,6.5306273,48.99362,1.432382,100.18093,13.069838
146,O14,,,C=CC1=CC=C(OC2=CC=C(CC)C=C2OC)C=C1,23.792091,5.1145244,644.152,100.99991,5.145548,0.6024401,8.399454,7.3952723,45.21586,1.4313323,115.75583,14.361762
147,P4,,,C=CC1=CC(OC)=C(OCC(C)=O)C=C1,20.78008,4.6957664,157.14075,23.150404,2.259108,0.30702338,31.29774,5.5892177,32.461807,0.96402895,126.624084,13.542933
148,P5,,,C=CC1=CC(OC)=C(OCC2=CC=CO2)C=C1,23.282032,4.8024435,335.7405,55.036034,3.8101838,0.45414934,29.991238,5.745497,36.323483,1.2980548,124.005646,15.375175
149,P6,,,C=CC1=CC(OC)=C(OCC2=CC=C(C=O)O2)C=C1,31.28139,5.686996,321.8144,54.42395,5.3218617,0.6942811,31.800295,5.583817,36.47421,1.2365042,169.04385,22.438795
150,P7,,,C=CC1=CC(OC)=C(OC2=CCCC2=O)C=C1,26.139126,4.88431,262.36765,39.58744,3.7750945,0.46706218,30.736692,6.1411734,37.086056,1.0989023,138.07869,16.083658
151,P8,,,C=CC1=CC(OC)=C(OC2=C(OC)C=CC=C2)C=C1,25.592854,5.560986,492.83054,90.58766,5.1418014,0.64218485,22.392376,7.6171236,40.36778,1.4642063,135.91684,16.664703
152,P9,,,C=CC1=CC(OC)=C(OC2=C(C)C=CC=C2)C=C1,19.316154,4.871256,563.18097,91.065475,4.4330993,0.52746296,13.20348,8.060513,43.8118,1.3801448,116.33621,14.438065
153,P10,,,C=CC1=CC(OC)=C(OC2=CC=C(C)C=C2)C=C1,20.252672,4.9466805,581.6272,93.00555,4.4574995,0.52633184,10.641792,7.573389,43.725895,1.3916621,116.215576,14.29527
154,P11,,,C=CC1=CC(OC)=C(OC2=C(OC)C=C(C)C=C2)C=C1,28.838255,5.6544785,575.2688,101.96365,5.790126,0.71762246,19.353731,8.003896,41.720318,1.441493,135.28069,16.833593
155,P12,,,C=CC1=CC(OC)=C(OC2=CC(C)=CC(C)=C2)C=C1,21.780296,5.2118254,661.3094,102.57515,5.0666723,0.6110246,13.693908,8.236077,44.97776,1.3396194,117.561874,14.475195
156,P13,,,C=CC1=CC(OC)=C(OC2=CC=CC(CC)=C2)C=C1,23.74181,4.9793186,628.20514,99.23428,5.123788,0.6083945,9.979856,7.7474732,45.3509,1.4054556,115.65581,14.340317
157,P14,,,C=CC1=CC(OC)=C(OC2=CC=C(CC)C=C2OC)C=C1,32.686543,5.752433,633.60315,110.41156,6.5275283,0.79957545,16.19184,8.1873255,43.16747,1.5053551,134.8813,17.32765
158,P15,,,C=CC1=CC(OC)=C(OC2=CC=C(C=C)C=C2)C=C1,21.352673,5.2321124,679.678,106.17174,5.177732,0.62273914,7.745703,7.238543,46.132004,1.5365121,123.79418,15.522608
159,P16,,,C=CC1=CC(OC)=C(OC2=C(OC)C=C(C=C)C=C2)C=C1,29.015999,6.0492353,665.81696,118.087395,6.577473,0.8309171,12.3056755,7.9382,43.928864,1.559143,145.31776,19.278708
160,Q16,,,C=CC1=CC(OC)=C(OC2=C(OC)C=CC=C2OC)C=C1,33.31694,6.3012247,520.74976,98.45904,6.534293,0.8558225,35.199387,6.474347,38.967667,1.6042972,157.48666,20.247663
161,Q14,,,CCC1=CC(OC)=C(OC2=C(OC)C=CC=C2OC)C=C1,35.94849,6.485623,490.96878,91.21287,6.4874773,0.8202889,36.346443,6.439716,38.94372,1.4799513,147.98091,18.087498
162,Q13,,,COC(C=CC=C1OC)=C1OC2=CC(CC)=CC=C2,26.93974,5.303465,462.40778,80.80096,5.1024504,0.6222598,25.174288,7.421542,40.30493,1.2976078,128.58865,15.427274
163,Q11,,,COC(C=CC=C1OC)=C1OC2=C(OC)C=C(C)C=C2,32.077087,6.2497582,436.7598,83.04114,5.7671614,0.7439156,40.629223,5.8098273,37.42024,1.4290274,149.03577,17.882687
164,Q10,,,COC(C=CC=C1OC)=C1OC2=CC=C(C)C=C2,23.671288,5.496324,413.4723,74.805,4.4491262,0.54369867,25.990507,6.9278455,38.860218,1.3084797,129.90363,15.47986
165,Q9,,,COC(C=CC=C1OC)=C1OC2=C(C)C=CC=C2,22.837984,5.3868623,404.33316,71.66429,4.428049,0.5462163,28.272795,7.0817986,38.838314,1.3219942,131.08229,15.709264
166,Q7,,,COC(C=CC=C1OC)=C1OC2=CCCC2=O,28.673744,5.715196,181.6645,40.80375,3.8001966,0.5497374,45.53559,5.053378,32.39556,1.1068699,155.49081,17.234358
167,Q5,,,COC(C=CC=C1OC)=C1OCC2=CC=CO2,27.152447,5.7282825,243.85352,47.551876,3.8139825,0.50866145,44.624516,4.5787745,31.658909,1.3629171,138.61172,16.338333
168,Q17,,,COC(C=CC=C1OC)=C1OC2=C(OC)C=CC=C2OC,36.15482,7.6977262,410.10696,86.680466,6.5005717,0.88677484,52.566616,5.1595716,34.885883,1.6593387,173.19844,21.187233
169,R17,,,COC(C=C(C)C=C1OC)=C1OC2=C(OC)C=CC=C2OC,38.715214,7.4042835,474.83902,94.740746,7.178184,0.9722036,54.31482,5.2928033,36.160366,1.693651,171.23718,21.511505
170,R18,,,COC(C=C(C)C=C1OC)=C1OC2=C(OC)C=C(C)C=C2OC,43.35727,8.417445,534.9854,105.239624,7.9257755,1.0671301,44.652664,6.0767846,37.439854,1.7327126,173.2574,21.978
171,R16,,,COC1=CC(C=C)=CC=C1OC2=C(OC)C=C(C)C=C2OC,37.086987,6.6219506,596.8976,109.390564,7.229582,0.94198364,31.578543,7.0901847,40.184826,1.6422653,157.72061,20.696106
172,R15,,,COC1=CC(C)=CC(OC)=C1OC2=CC=C(C=C)C=C2,28.710333,5.744534,587.4539,103.493614,5.73833,0.7112782,18.60042,7.951409,41.70605,1.4293214,136.77582,16.761837
173,R14,,,COC1=CC(C)=CC(OC)=C1OC2=C(OC)C=C(CC)C=C2,40.085358,6.7239075,564.1932,102.03376,7.1842613,0.9113128,32.22948,7.0657797,40.143063,1.5493249,148.478,18.581955
174,R13,,,COC1=CC(C)=CC(OC)=C1OC2=CC=CC(CC)=C2,30.67248,5.3835235,536.6758,92.50393,5.6759253,0.6881225,21.862017,8.043834,41.520008,1.3393896,128.91632,15.475575
175,R12,,,COC1=CC(C)=CC(OC)=C1OC2=CC(C)=CC(C)=C2,28.893196,5.8503456,553.1639,98.23399,5.602665,0.6836644,25.107014,7.9148455,41.043423,1.3976165,131.87486,15.629988
176,R11,,,COC1=CC(C)=CC(OC)=C1OC2=CC=C(C)C=C2OC,35.195847,6.5549655,501.4439,93.99636,6.3907304,0.81600416,35.933334,6.537981,38.53721,1.4803069,149.65836,18.002987
177,R10,,,COC1=CC(C)=CC(OC)=C1OC2=CC=C(C)C=C2,26.086441,5.492324,480.60495,86.28585,4.9655056,0.60428125,21.96542,7.6719904,39.908985,1.2756082,129.77193,15.4751625
178,R9,,,COC1=CC(C)=CC(OC)=C1OC2=CC=CC=C2C,25.76628,5.3973885,466.57156,81.002945,4.9372387,0.60226315,24.760862,7.806034,39.945267,1.2884754,130.40726,15.631612
179,R8,,,COC1=CC(C)=CC(OC)=C1OC2=CC=CC=C2OC,32.036877,6.2722564,431.11578,81.131065,5.7012825,0.7378146,39.053978,6.040779,37.32077,1.4294335,149.59634,17.861416
180,R7,,,COC1=CC(C)=CC(OC)=C1OC2=CCCC2=O,30.884483,5.708493,222.27736,42.99047,4.233136,0.5642176,42.565033,5.4450283,33.947132,1.1351937,152.75215,17.368517
181,R5,,,COC1=CC(C)=CC(OC)=C1OCC2=CC=CO2,29.99373,5.735192,289.25458,51.34603,4.2570477,0.53458786,42.148693,4.91931,32.863644,1.2728493,138.0961,16.57997
182,S5,,,COC1=CC(C=O)=CC(OC)=C1OCC2=CC=CO2,33.76409,6.076683,233.31154,48.09833,4.9685664,0.70440054,42.900055,5.0976324,31.813692,1.4302009,183.36989,23.041458
183,S4,,,COC1=CC(C=O)=CC(OC)=C1OCC(C)=O,28.014273,5.5772443,93.11311,21.499857,3.1725984,0.5788895,43.675217,5.3570485,27.441086,1.0382179,180.815,19.80793
184,S2,,,COC1=CC(C=O)=CC(OC)=C1OC2=CC=CC=C2,29.614155,5.181582,317.2123,52.731514,4.986617,0.69211733,30.81318,6.504519,37.31809,1.4011399,173.18785,20.762075
185,S6,,,COC1=CC(C=O)=CC(OC)=C1OCC2=CC=C(C=O)O2,38.894012,6.544035,246.42,59.485046,6.804402,1.0549647,43.773228,5.065263,31.00278,1.4313827,237.42053,34.286625
186,S7,,,COC1=CC(C=O)=CC(OC)=C1OC2=CCCC2=O,32.75044,5.6457887,177.98793,44.363987,4.920368,0.7495299,43.27374,5.6676817,31.662756,1.1109445,195.7731,22.874226
187,S8,,,COC1=CC(C=O)=CC(OC)=C1OC2=CC=CC=C2OC,36.18731,6.6727924,364.13467,68.99195,6.5269055,0.929799,43.270702,5.6563883,36.15982,1.6834794,196.11308,25.487484
188,S11,,,COC1=CC(C=O)=CC(OC)=C1OC2=CC=C(C)C=C2OC,39.186543,6.936796,429.01892,78.449936,7.2786827,1.003349,39.960293,6.147642,37.581005,1.7746365,195.94733,26.128036
189,S10,,,COC1=CC(C=O)=CC(OC)=C1OC2=CC=C(C)C=C2,31.630983,6.022723,383.62314,63.33737,5.6938567,0.7484108,27.437477,6.9538307,38.81409,1.4709209,171.99875,21.034418
190,S9,,,COC1=CC(C=O)=CC(OC)=C1OC2=CC=CC=C2C,31.148754,5.906626,377.56116,60.87521,5.650108,0.7558664,30.053633,7.0964293,38.780914,1.4822735,172.82501,20.992039
191,S12,,,COC1=CC(C=O)=CC(OC)=C1OC2=CC(C)=CC(C)=C2,33.82734,6.4975915,445.86984,73.73375,6.3843174,0.8408962,32.331932,6.8971486,40.060627,1.5863712,173.94958,21.302881
192,S13,,,COC1=CC(C=O)=CC(OC)=C1OC2=CC=CC(CC)=C2,34.821274,6.3325834,436.92847,71.13171,6.4544115,0.8379644,27.331636,7.2761517,40.391773,1.6236751,171.36671,21.329176
193,S14,,,COC1=CC(C=O)=CC(OC)=C1OC2=CC=C(CC)C=C2OC,42.093853,6.9810085,485.62726,88.13283,8.147771,1.1081917,36.123283,6.6133685,39.389225,1.8516146,195.20682,26.922144
194,S15,,,COC1=CC(C=O)=CC(OC)=C1OC2=CC=C(C=C)C=C2,32.35428,5.872152,468.68182,80.30727,6.5700665,0.87734073,23.020546,7.481802,40.69423,1.3723122,181.5818,24.476906
195,S16,,,COC1=CC(C=O)=CC(OC)=C1OC2=CC=C(C=C)C=C2OC,39.32205,6.9723344,511.2765,94.08274,8.211665,1.1483802,36.055283,6.6257224,39.56668,1.6567218,207.02527,30.255758
196,S17,,,COC1=CC(C=O)=CC(OC)=C1OC2=C(OC)C=CC=C2OC,41.41141,7.366973,420.0584,85.41096,8.1588125,1.1932687,55.993587,5.2808003,35.225864,1.850341,221.97473,31.354923
197,S18,,,COC1=CC(C=O)=CC(OC)=C1OC2=C(OC)C=C(C)C=C2OC,44.594337,7.6989365,480.29352,93.89883,8.959595,1.2877302,53.33388,5.5546517,36.709213,1.9250448,222.1782,32.132004
198,S19,,,COC1=CC(C=O)=CC(OC)=C1OC2=C(OC)C=C(C=O)C=C2OC,46.855595,8.149916,439.47906,95.121956,10.152631,1.5886703,47.389946,6.241101,34.92962,1.6793994,283.5386,44.78187
199,T2,,,C=CCC1=CC(OC)=C(OC2=CC=CC=C2)C(OC)=C1,26.670063,5.547007,511.09747,86.20532,5.4803095,0.67203426,19.003119,8.088249,40.320877,1.4292907,135.59077,16.62636
200,T4,,,C=CCC1=CC(OC)=C(OCC(C)=O)C(OC)=C1,27.958942,5.4188843,176.20747,29.048332,3.4053283,0.4066995,39.002396,5.6448536,32.143494,1.1072421,138.77902,15.820186
201,T5,,,C=CCC1=CC(OC)=C(OCC2=CC=CO2)C(OC)=C1,33.38748,5.754182,386.26675,63.40772,5.436748,0.65521145,37.116547,5.7145367,34.70456,1.3336881,145.45753,18.712883
202,T6,,,C=CCC1=CC(OC)=C(OCC2=CC=C(C=O)O2)C(OC)=C1,39.764336,6.633126,395.74234,69.72522,7.383926,1.0125247,37.90022,5.5942316,35.217236,1.5672739,195.3462,28.86012
203,T7,,,C=CCC1=CC(OC)=C(OC2=CCCC2=O)C(OC)=C1,32.912697,5.633446,313.68396,50.937534,5.371783,0.6546029,38.532944,6.1160965,35.99772,1.2005924,155.63039,18.407156
204,T8,,,C=CCC1=CC(OC)=C(OC2=CC=CC=C2OC)C(OC)=C1,36.17342,6.5329747,553.9613,99.399925,7.1521163,0.9263136,31.565594,7.145829,39.004814,1.5897259,157.84747,20.902756
205,T11,,,C=CCC1=CC(OC)=C(OC2=CC=C(C)C=C2OC)C(OC)=C1,39.53214,6.651088,638.1306,114.04838,7.98492,1.0296754,27.832836,7.6969514,40.42388,1.6702125,157.62566,21.839191
206,T9,,,C=CCC1=CC(OC)=C(OC2=CC=CC=C2C)C(OC)=C1,30.279419,5.6910973,589.19135,98.67906,6.2232084,0.7645585,17.433372,8.571762,41.646805,1.504462,135.86821,16.930986
207,T10,,,C=CCC1=CC(OC)=C(OC2=CC=C(C)C=C2)C(OC)=C1,30.335854,5.7776546,606.03827,103.69631,6.270268,0.7662559,16.056099,8.239717,41.611637,1.4931514,135.29431,17.066067
208,T12,,,C=CCC1=CC(OC)=C(OC2=CC(C)=CC(C)=C2)C(OC)=C1,33.505184,6.0698104,685.19586,116.074066,7.030227,0.8669072,18.443214,8.654982,42.747658,1.6505575,137.70819,17.721043
209,T13,,,C=CCC1=CC(OC)=C(OC2=CC(CC)=CC=C2)C(OC)=C1,34.330162,5.737202,665.1892,112.05848,7.119685,0.87431896,14.9503565,8.458171,43.043167,1.6045252,135.40436,17.903057
210,T14,,,C=CCC1=CC(OC)=C(OC2=CC=C(CC)C=C2OC)C(OC)=C1,42.351357,6.639178,708.77045,124.777985,8.929721,1.1519284,23.855085,8.185802,41.88998,1.7942138,156.42197,23.171633
211,T15,,,C=CCC1=CC(OC)=C(OC2=CC=C(C=C)C=C2)C(OC)=C1,31.694557,6.13081,718.6672,122.26293,7.220255,0.9044248,11.696924,7.9931035,43.38702,1.5821968,144.48257,20.348694
212,T16,,,C=CCC1=CC(OC)=C(OC2=CC=C(C=C)C=C2OC)C(OC)=C1,39.201942,6.7107544,741.3421,131.92305,8.984845,1.1876365,23.912224,8.127529,41.96614,1.7956817,166.81384,25.792679
213,T17,,,C=CCC1=CC(OC)=C(OC2=C(OC)C=CC=C2OC)C(OC)=C1,44.064842,7.7155476,610.11017,116.00966,8.922882,1.2141964,44.601303,6.1623716,38.022804,1.8400377,181.68958,26.37278
214,T18,,,C=CCC1=CC(OC)=C(OC2=C(OC)C=C(C)C=C2OC)C(OC)=C1,47.06786,7.6048493,682.8987,127.277115,9.796493,1.3327179,40.87748,6.748985,39.27559,1.9261633,181.91734,27.466566
215,T19,,,C=CCC1=CC(OC)=C(OC2=C(OC)C=C(C=O)C=C2OC)C(OC)=C1,48.014767,7.725161,621.78357,118.54014,11.015338,1.6088573,45.0092,6.2922726,38.689518,2.038427,235.62485,38.90914
216,T20,,,C=CCC1=CC(OC)=C(OC2=C(OC)C=C(CC=C)C=C2OC)C(OC)=C1,48.825054,7.583027,843.4292,155.97243,11.992444,1.6737729,26.705149,8.182152,40.93717,2.146244,194.32755,33.59269
217,V20,,,C=CCC1=CC(OC)=C(OC2=CC=C(/C=C/C)C=C2OC)C(OC)=C1,38.728317,6.1676984,809.5086,144.13026,10.056457,1.3342366,18.698248,8.329993,44.602936,2.0719676,167.94867,27.257
218,V22,,,C/C=C/C1=CC(OC)=C(OC2=CC=C(/C=C/C)C=C2OC)C=C1,28.579721,5.5489945,778.9685,136.55707,8.368695,1.0569038,6.27494,7.0854774,48.914215,1.9969802,147.71846,21.861347
219,V19,,,C/C=C/C1=CC(OC)=C(OC2=C(OC)C=C(C=O)C=C2OC)C=C1,39.201485,6.9500346,568.7848,104.69573,9.205434,1.2808893,31.487349,7.070993,42.05019,2.0337129,208.40591,31.66402
220,V18,,,C/C=C/C1=CC(OC)=C(OC2=C(OC)C=C(C)C=C2OC)C=C1,37.18687,6.536818,654.5442,119.20039,8.138983,1.0521841,25.957329,7.757166,42.85641,1.86159,158.84691,21.994368
221,V17,,,C/C=C/C1=CC(OC)=C(OC2=C(OC)C=CC=C2OC)C=C1,33.81666,6.4037747,576.8604,106.865616,7.3709493,0.9533504,29.861736,7.137598,41.539043,1.7968167,158.75993,21.135534
222,V16,,,C/C=C/C1=CC(OC)=C(OC2=CC=C(C=C)C=C2OC)C=C1,29.458809,5.91595,723.8653,125.61662,7.421961,0.92964906,12.191464,7.993992,46.242016,1.769176,145.60098,20.565523
223,V14,,,C/C=C/C1=CC(OC)=C(OC2=CC=C(CC)C=C2OC)C=C1,32.493515,5.6453524,688.82495,119.20639,7.3806868,0.9052262,12.071827,8.043696,45.75072,1.7123008,135.99513,18.592775
224,V13,,,C/C=C/C1=CC(OC)=C(OC2=CC=CC(CC)=C2)C=C1,24.55417,5.255082,674.73975,106.19288,5.8165574,0.68473136,7.482355,7.421911,47.707123,1.5791986,116.8374,14.9851885
225,V12,,,C/C=C/C1=CC(OC)=C(OC2=CC(C)=CC(C)=C2)C=C1,23.06573,5.2643123,702.4464,109.84923,5.7626996,0.688329,9.151946,7.80393,47.36583,1.5594639,119.27323,14.940442
226,V11,,,C/C=C/C1=CC(OC)=C(OC2=CC=C(C)C=C2OC)C=C1,29.266148,5.7029195,623.7089,109.87052,6.561889,0.8065931,14.657062,8.140475,44.27352,1.6116211,136.97804,17.501783
227,V10,,,C/C=C/C1=CC(OC)=C(OC2=CC=C(C)C=C2)C=C1,19.745878,5.099762,618.8844,98.7325,5.079837,0.5930116,9.2196865,7.528768,46.31102,1.5109563,116.35257,14.504579
228,V9,,,C/C=C/C1=CC(OC)=C(OC2=CC=CC=C2C)C=C1,20.454636,5.091822,600.96655,96.602325,5.056167,0.59500116,8.979138,7.6439657,46.3489,1.5063169,117.793274,14.548967
229,V8,,,C/C=C/C1=CC(OC)=C(OC2=CC=CC=C2OC)C=C1,26.340143,5.496306,542.16705,96.27667,5.8398204,0.719219,17.536127,7.9904404,43.022987,1.6001432,137.2247,17.040915
230,V7,,,C/C=C/C1=CC(OC)=C(OC2=CCCC2=O)C=C1,26.021963,5.083801,294.78555,43.37692,4.3104515,0.4978283,27.798748,6.5622296,39.16133,1.2402142,137.28136,16.27756
231,V5,,,C/C=C/C1=CC(OC)=C(OCC2=CC=CO2)C=C1,23.292902,4.7054634,371.38208,60.03281,4.3616962,0.49941084,26.445135,6.2629766,38.72783,1.369799,124.77336,15.584875
232,W2,,,C=CCC(C(OC)=C1)=CC(OC)=C1OC2=CC=CC=C2,26.746597,5.5894885,518.74744,88.11665,5.4968133,0.6654978,18.715359,8.138941,40.527153,1.4391127,135.61177,16.908606
233,W4,,,C=CCC(C(OC)=C1)=CC(OC)=C1OCC(C)=O,28.634443,5.261662,176.28094,29.22701,3.4188647,0.39635453,38.15901,5.7594366,32.24855,1.1286011,138.65439,15.952776
234,W5,,,C=CCC(C(OC)=C1)=CC(OC)=C1OCC2=CC=CO2,33.828365,5.707419,387.53595,63.986633,5.456454,0.6495827,35.874493,5.8766737,34.794064,1.3742747,145.9926,19.14851
235,W6,,,C=CCC(C(OC)=C1)=CC(OC)=C1OCC2=CC=C(C=O)O2,39.635056,6.5220337,396.68555,70.64312,7.4178247,1.0169833,36.63641,5.743877,35.253647,1.58383,196.28305,29.565083
236,W7,,,C=CCC(C(OC)=C1)=CC(OC)=C1OC2=CCCC2=O,34.290035,5.691519,318.70715,51.804073,5.388704,0.6462271,37.360756,6.274501,36.041737,1.2112812,156.05122,18.69499
237,W8,,,C=CCC(C(OC)=C1)=CC(OC)=C1OC2=CC=CC=C2OC,36.239784,6.4796014,560.4431,102.103386,7.1738167,0.9196391,30.127874,7.382064,39.175472,1.6237932,158.5847,21.465572
238,W11,,,C=CCC(C(OC)=C1)=CC(OC)=C1OC2=CC=C(C)C=C2OC,40.036625,6.6112366,649.8134,116.26946,8.013684,1.026001,26.729738,7.84398,40.48168,1.6993644,158.2967,22.44805
239,W10,,,C=CCC(C(OC)=C1)=CC(OC)=C1OC2=CC=C(C)C=C2,31.09127,5.783039,616.22284,105.06169,6.2911625,0.759705,14.906938,8.24009,41.72061,1.528239,135.83438,17.412123
240,W9,,,C=CCC(C(OC)=C1)=CC(OC)=C1OC2=CC=CC=C2C,30.751734,5.713018,604.10175,101.24927,6.238404,0.75854933,17.292229,8.521286,41.68422,1.5581766,136.38237,17.281197
241,W12,,,C=CCC(C(OC)=C1)=CC(OC)=C1OC2=CC(C)=CC(C)=C2,32.945187,5.9704685,696.8699,117.395546,7.06427,0.86889875,17.865084,8.675629,42.96793,1.6226081,137.31833,18.152113
242,W13,,,C=CCC(C(OC)=C1)=CC(OC)=C1OC2=CC=CC(CC)=C2,35.081684,5.788464,677.9779,114.09414,7.150882,0.874181,13.90469,8.418852,43.230663,1.5972553,135.6531,18.327835
243,W14,,,C=CCC(C(OC)=C1)=CC(OC)=C1OC2=CC=C(CC)C=C2OC,43.296455,6.7128778,723.9221,127.71374,8.962571,1.1487207,22.326134,8.304344,41.868744,1.8628411,157.40083,23.772747
244,W16,,,C=CCC(C(OC)=C1)=CC(OC)=C1OC2=CC=C(C=C)C=C2OC,39.55585,6.6509748,756.52423,134.93356,9.014929,1.1862763,23.075119,8.233326,41.92463,1.844642,167.4883,26.462898
245,W15,,,C=CCC(C(OC)=C1)=CC(OC)=C1OC2=CC=C(C=C)C=C2,31.658995,6.0654325,726.20404,123.074615,7.241222,0.9020875,10.938336,7.9430676,43.593052,1.6192253,145.0431,20.852737
246,W17,,,C=CCC(C(OC)=C1)=CC(OC)=C1OC2=C(OC)C=CC=C2OC,45.185184,7.6879277,619.3705,116.876686,8.955435,1.2107658,42.854584,6.434028,38.137177,1.8658785,182.2791,27.109236
247,W18,,,C=CCC(C(OC)=C1)=CC(OC)=C1OC2=C(OC)C=C(C)C=C2OC,47.769665,7.3666253,696.1225,129.42836,9.843436,1.3353671,39.179245,7.0169373,39.381195,1.9317636,182.35985,28.25637
248,W19,,,C=CCC(C(OC)=C1)=CC(OC)=C1OC2=C(OC)C=C(C=O)C=C2OC,48.27528,7.546287,631.0671,120.78158,11.073642,1.6182996,43.06074,6.5846257,38.75707,2.057674,236.5146,39.855675
249,W20,,,C=CCC(C(OC)=C1)=CC(OC)=C1OC2=C(OC)C=C(CC=C)C=C2OC,46.868217,6.5352674,861.48724,158.85056,12.031913,1.6755099,34.253323,7.671384,41.019703,2.155636,193.33958,34.560402
250,W22,,,C=CCC(C(OC)=C1)=CC(OC)=C1OC2=C(OC)C=C(/C=C/C)C=C2,39.32799,6.073271,823.27124,147.72249,10.093632,1.3326929,17.793282,8.351832,44.609222,2.103488,168.93369,27.933674
251,W23,,,C=CCC(C(OC)=C1)=CC(OC)=C1OC2=C(OC)C=C(/C=C/C)C(OC)=C2,45.38203,6.2601576,876.53516,161.20367,12.081722,1.6722088,29.366516,8.068993,43.46533,2.399833,194.93756,35.025074
252,X23,,,CC(C(C=C1OC)=CC(OC)=C1OC2=C(OC)C=C(/C=C/C)C(OC)=C2)=O,46.943443,7.068567,731.7008,142.26091,12.051262,1.7312431,44.135685,6.7060575,42.113636,2.4120252,233.55966,40.285847
253,X24,,,CC(C(C=C1OC)=CC(OC)=C1OC2=C(OC)C=C(C(C)=O)C=C2OC)=O,48.57492,8.550304,616.3099,125.0403,12.058684,1.8334343,49.40746,6.55573,37.817814,1.9076331,277.5699,46.595245
254,X22,,,CC(C(C=C1OC)=CC(OC)=C1OC2=CC=C(/C=C/C)C=C2OC)=O,40.999615,6.824844,668.6903,125.15512,10.066813,1.3859212,30.765059,7.443355,43.100773,2.1566074,205.57877,32.345295
255,X20,,,CC(C(C=C1OC)=CC(OC)=C1OC2=C(OC)C=C(CC=C)C=C2OC)=O,50.20681,7.6708264,723.8426,139.2636,12.003717,1.7361418,46.199387,6.5101385,39.778526,2.1040034,232.60287,39.734497
256,X18,,,CC(C(C=C1OC)=CC(OC)=C1OC2=C(OC)C=C(C)C=C2OC)=O,46.89418,8.010952,566.93494,110.87239,9.804714,1.3873051,52.919712,5.8870735,37.853615,1.9709464,219.52869,32.667126
257,X19,,,CC(C(C=C1OC)=CC(OC)=C1OC2=C(OC)C=C(C=C)C=C2OC)=O,45.921547,7.478107,655.27734,128.29471,10.865491,1.5660404,49.891407,6.1050234,39.789154,1.9993925,231.5208,37.67193
258,X17,,,CC(C(C=C1OC)=CC(OC)=C1OC2=C(OC)C=CC=C2OC)=O,43.106903,7.9662743,501.3449,99.87586,8.931176,1.2662303,56.45408,5.5524697,36.4956,1.9404294,219.61629,31.698338
259,X16,,,CC(C(C=C1OC)=CC(OC)=C1OC2=CC=C(C=C)C=C2OC)=O,40.84426,7.203514,603.35864,112.66585,8.992611,1.2361995,36.152294,6.971675,40.674435,1.8376102,204.43323,30.733744
260,X15,,,CC(C(C=C1OC)=CC(OC)=C1OC2=CC=C(C=C)C=C2)=O,33.1114,6.6187406,558.82404,98.756516,7.221649,0.9413721,22.918964,7.8325224,41.944824,1.5737976,179.023,24.55699
261,X14,,,CC(C(C=C1OC)=CC(OC)=C1OC2=C(OC)C=C(CC)C=C2)=O,44.044525,7.1634665,573.91296,105.74795,8.9307,1.1961036,36.17815,6.966476,40.366146,1.946945,192.4529,27.45305
262,X13,,,CC(C(C=C1OC)=CC(OC)=C1OC2=CC=CC(CC)=C2)=O,36.144295,6.502257,517.9936,87.28355,7.118592,0.9072266,27.25864,7.659415,41.355873,1.7443514,168.5701,21.354912
263,X12,,,CC(C(C=C1OC)=CC(OC)=C1OC2=CC(C)=CC(C)=C2)=O,34.58607,6.654342,529.027,91.17553,7.040157,0.9070638,32.131603,7.319315,40.949642,1.7117028,170.8529,21.235355
264,X11,,,CC(C(C=C1OC)=CC(OC)=C1OC2=CC=C(C)C=C2OC)=O,40.262955,7.215676,509.89508,94.366776,7.9873657,1.07326,40.859726,6.431501,38.751305,1.8606042,193.14804,26.267548
265,X10,,,CC(C(C=C1OC)=CC(OC)=C1OC2=CC=C(C)C=C2)=O,32.035126,6.541612,459.13333,78.16836,6.2727327,0.79235476,27.757996,7.3051825,39.685867,1.6675684,168.96909,20.857666
266,X9,,,CC(C(C=C1OC)=CC(OC)=C1OC2=CC=CC=C2C)=O,31.29644,6.428695,451.0234,74.9582,6.217272,0.7914505,30.888165,7.4151683,39.66555,1.6769133,169.63,20.760986
267,X8,,,CC(C(C=C1OC)=CC(OC)=C1OC2=CC=CC=C2OC)=O,36.596935,7.13871,439.57492,81.91274,7.153264,0.9646167,45.003002,5.8819904,37.41214,1.8372991,193.42557,25.600054
268,X7,,,CC(C(C=C1OC)=CC(OC)=C1OC2=CCCC2=O)=O,31.694147,6.2728577,231.50824,49.982574,5.418766,0.7384916,44.67902,5.82784,33.35924,1.1200937,191.62648,22.472095
269,X6,,,CC(C(C=C1OC)=CC(OC)=C1OCC2=CC=C(C=O)O2)=O,38.791348,6.9560847,309.59015,66.35084,7.456035,1.1027864,45.235126,5.160639,32.887608,1.4647177,235.22511,34.797005
270,X4,,,CC(C(C=C1OC)=CC(OC)=C1OCC(C)=O)=O,25.983017,6.229701,118.12808,27.449419,3.5197873,0.54882073,44.693954,5.4952683,29.279531,1.1058686,174.74985,19.226803
271,X2,,,CC(C(C=C1OC)=CC(OC)=C1OC2=CC=CC=C2)=O,28.050913,6.0944643,383.51468,64.612724,5.4979577,0.70912665,31.785156,6.8043385,38.60095,1.5687907,169.67813,20.517689