IUPAC Name,SMILES,CAS Number,Volume%,Steady State Concentration (uM),Molecular Weight (g/mol),Density (g/ml),Exp. CN,Exp. YSI,Exp. LHV (MJ/kg),Exp. KV (cSt),Exp. CP (deg. C),Pred. CN,Pred. YSI,Pred. LHV (MJ/kg),Pred. KV (cSt),Pred. CP (deg. C),Abs. Err. CN,Abs. Err. YSI,Abs. Err. LHV (MJ/kg),Abs. Err. KV (cSt),Abs. Err. CP (deg. C)
Nonane ,CCCCCCCCC,111-84-2,0.003250341620082474,2706.62,128.20,0.72,-,-,-,-,-,65.53228,49.948174,44.29175,0.7800498,-0.9248306,-,-,-,-,-
4-Methyl Nonane ,CCCCCC(C)CCC,17301-94-9,0.033917358434825844,25874.01,142.28,0.73,-,-,-,-,-,46.798588,63.300133,44.348602,0.83721876,1.5231608,-,-,-,-,-
Decane ,CCCCCCCCCC,124-18-5,0.004478196508035387,3415.97,142.29,0.73,-,-,-,-,-,67.26375,55.583797,44.348602,0.9631758,-2.526561,-,-,-,-,-
4-Nonanone ,CCCCCC(=O)CCC,4485-09-0,0.001351872316085163,1130.49,142.24,0.80,43.0,-,-,-,-,33.929676,47.927376,37.28062,1.2186917,6.6576133,9.070323944091797,-,-,-,-
3-Methyl Decane ,CCCCCCCC(C)CC,13151-34-3,0.001805995331203808,1202.52,156.31,0.70,-,-,-,-,-,52.466007,72.13151,44.39525,1.0627041,5.91868,-,-,-,-,-
4-Decanone ,CCCCCCC(=O)CCC,624-16-8,0.11395883778501957,89343.36,156.27,0.82,-,-,-,-,-,37.51714,53.073265,37.60256,1.3427742,8.665116,-,-,-,-,-
Undecane ,CCCCCCCCCCC,1120-21-4,0.34003289904393913,239347.31,156.31,0.74,-,-,-,-,-,73.95228,61.60039,44.39525,1.1487983,-4.2582684,-,-,-,-,-
6-Methyl Undecane ,CCCCCC(C)CCCCC,17302-33-9,0.04349343935413755,28379.61,170.33,0.75,-,-,-,-,-,52.176807,81.4539,44.434208,1.2942005,-7.638918,-,-,-,-,-
6- Ethyl Undecane ,CCCCCC(CC)CCCCC,17312-60-6,0.006771258667231695,4041.08,184.36,0.74,-,-,-,-,-,50.07555,90.01476,44.467236,1.5201799,-6.714588,-,-,-,-,-
6-Undecanone ,CCCCCC(=O)CCCCC,927-49-1,0.0008697827734789616,631.08,170.29,0.83,-,-,-,-,-,41.797024,61.591995,37.860996,1.5938767,-6.1960096,-,-,-,-,-
6-Undecanol ,CCCCCC(CCCCC)O,23708-56-7,0.17537945488666873,121065.63,172.31,0.80,-,-,-,-,-,29.685982,62.257946,37.912334,3.211196,-8.2130995,-,-,-,-,-
Tetradecane ,CCCCCCCCCCCCCC,629-59-4,0.008039298523318049,4603.14,198.39,0.76,-,-,-,-,-,80.47497,85.3089,44.49559,2.0521321,-7.8084946,-,-,-,-,-
5-Methyl Tetradecane ,CCCCCCCCCC(C)CCCC,25117-32-2,0.014889858951494951,7942.06,212.41,0.76,-,-,-,-,-,59.816727,104.76922,44.5202,2.1918836,1.4623698,-,-,-,-,-
1-Hexanone 1-Phenyl ,CCCCCC(=O)C1=CC=CC=C1,942-92-7,0.0021148811399183077,1694.80,176.26,0.95,-,-,-,-,-,12.003736,234.79308,35.596996,2.2219508,5.9056945,-,-,-,-,-
Pentadecane ,CCCCCCCCCCCCCCC,629-62-9,0.009534272973046588,5132.18,212.41,0.77,96.0,-,-,2.4916,-,87.95308,91.939,44.5202,2.366586,-8.327999,8.046920776367188,-,-,0.12501403007507328,-
6-Tridecanone ,CCCCCCCC(=O)CCCCC,22026-12-6,0.012683328812873033,7606.34,198.34,0.80,-,-,-,-,-,50.61019,90.38433,38.248184,1.867156,8.419551,-,-,-,-,-
6-methyl Pentadecane,CCCCCCCCCC(C)CCCCC,10105-38-1,0.0030161186567822765,1505.12,226.44,0.76,-,-,-,-,-,60.840916,111.80232,44.541748,2.54544,3.8538063,-,-,-,-,-
8-Pentadecanone,CCCCCCCC(=O)CCCCCCC,818-23-5,0.0052258649568263805,2745.58,226.40,0.80,-,-,-,-,-,60.792294,118.55875,38.522488,2.5297158,-9.021544,-,-,-,-,-
2-Hexyl 1-Octanol,CCCCCCC(CCCCCC)CO,19780-79-1,0.0029402057059213075,1704.68,214.39,0.84,-,-,-,-,-,36.936596,97.090675,38.490818,2.926939,-9.751907,-,-,-,-,-
7-Methyl Hexadecane ,CCCCCCC(C)CCCCCCCCC,26730-20-1,0.0001900105800781531,90.46,240.47,0.77,-,-,-,-,-,63.025005,118.70243,44.56078,2.9324167,10.23753,-,-,-,-,-
6-Tetradecanone ,CCCCCC(CCCCCCCC)=O,6836-42-6,0.00797177285387563,4607.80,212.37,0.83,-,-,-,-,-,55.832554,104.261215,38.39626,2.1268504,5.6144934,-,-,-,-,-
6-Propyl Tridecane ,CCCCCCCC(CCC)CCCCC,55045-10-8,0.011010639636493694,5581.35,226.44,0.77,-,-,-,-,-,52.60961,116.98104,44.541748,2.4104667,-0.20718114,-,-,-,-,-
Hexadecane ,CCCCCCCCCCCCCCCC,544-76-3,0.022234833292664003,11285.55,226.44,0.77,100.0,-,-,2.9193,-,87.20268,98.89956,44.541748,2.7355392,-8.780165,12.797317504882812,-,-,0.18376080207824685,-
Heptadecane ,CCCCCCCCCCCCCCCCC,629-78-7,0.012585509053711778,6045.60,240.50,0.78,105.0,-,-,3.5813,-,95.42646,106.42477,44.56078,3.1455548,-9.1734705,9.573539733886719,-,-,0.43574521903991714,-
Octadecane ,CCCCCCCCCCCCCCCCCC,593-45-3,0.05138799554789422,23326.93,254.50,0.78,106.0,-,-,4.1314,-,92.17806,114.40154,44.577713,3.7329338,-9.515938,13.821937561035156,-,-,0.39846624031066913,-
2-Methyl Octadecane ,CCCCCCCCCCCCCCCCC(C)C,1560-88-9,0.0020394861350434995,903.50,268.50,0.80,104.0,-,-,-,-,75.904945,135.78073,44.592876,4.214882,25.086784,28.095054626464844,-,-,-,-
"2,6,10,15-Tetramethyl Heptadecane",CCC(C)CCCCC(C)CCCC(C)CCCC(C)C,54833-48-6,0.012972834725200773,5202.55,296.60,0.80,-,-,-,-,-,53.47577,207.73961,44.618893,4.9945354,64.69587,-,-,-,-,-
Nonadecane ,CCCCCCCCCCCCCCCCCCC,629-92-5,0.02874930771064409,12513.20,268.50,0.79,110.0,-,-,4.699,-,98.76589,125.31634,44.592876,4.3559504,-9.50037,11.234107971191406,-,-,0.3430496444702147,-
Eicosane ,CCCCCCCCCCCCCCCCCCCC,112-95-8,0.005353401068267033,2222.78,282.50,0.79,110.0,-,-,5.3926,-,92.60467,137.15245,44.606525,5.085968,-9.481211,17.39533233642578,-,-,0.30663198242187484,-
2-Methyl Eicosane ,CCCCCCCCCCCCCCCCCCC(C)C,52845-08-6,0.029801287686574356,11951.34,296.60,0.80,-,-,-,-,-,79.00832,161.9504,44.618893,5.628581,40.759407,-,-,-,-,-
Docosane ,CCCCCCCCCCCCCCCCCCCCCC,629-97-0,0.0059573582369665725,2218.68,310.60,0.78,-,-,-,-,-,91.39117,164.31659,44.63014,6.5700912,-9.4438715,-,-,-,-,-
9-Hexyl Heptadecane,CCCCCCCCC(CCCCCC)CCCCCCCC,55124-79-3,0.002069776929170423,758.45,324.60,0.80,-,-,-,-,-,66.76482,207.37099,44.640408,6.1373763,-9.849489,-,-,-,-,-
6-Methyl Docosane ,CCCCCCCCCCCCCCCCC(C)CCCCC,55124-81-7,0.0041193281382010715,1509.49,324.60,0.80,-,-,-,-,-,72.28971,196.15546,44.640408,7.039603,11.942062,-,-,-,-,-
Tricosane ,CCCCCCCCCCCCCCCCCCCCCCC,638-67-5,0.0033105781127831463,1179.77,324.60,0.78,-,-,-,-,-,98.7593,178.9726,44.640408,7.369608,-9.425853,-,-,-,-,-
2-Methyl Tricosane ,CCCCCCCCCCCCCCCCCCCCCC(C)C,1928-30-9,0.006725697781604439,2323.80,338.70,0.80,-,-,-,-,-,78.588554,204.92912,44.649822,8.091573,63.91143,-,-,-,-,-
Tetracosane ,CCCCCCCCCCCCCCCCCCCCCCCC,211-474-5,0.0032352233275810723,1136.17,338.70,0.80,-,-,-,-,-,89.844444,193.7159,44.649822,8.293491,-9.4083395,-,-,-,-,-
Pentacosane ,CCCCCCCCCCCCCCCCCCCCCCCCC,629-99-2,0.0036125515183456237,1218.32,352.70,0.80,-,-,-,-,-,97.57735,208.63206,44.658493,9.243072,-9.391342,-,-,-,-,-
7-Hexyl Eicosane ,CCCCCCCCCCCCCC(CCCCCC)CCCCCC,55333-99-8,0.0008411787843556648,272.85,366.70,0.80,-,-,-,-,-,67.8956,253.34279,44.666492,8.745117,-1.4641782,-,-,-,-,-
7-Butyl Docosane ,CCCCCCCCCCCCCCCC(CCCC)CCCCCC,55282-15-0,0.001351893502033175,438.51,366.70,0.80,-,-,-,-,-,70.09261,255.44287,44.666492,9.094834,-0.5602028,-,-,-,-,-
Heptacosane ,CCCCCCCCCCCCCCCCCCCCCCCCCCC,593-49-7,0.0007260689376223495,226.85,380.70,0.80,-,-,-,-,-,95.6117,240.60704,44.673904,11.457579,-9.358952,-,-,-,-,-
-,BLEND,-,-,-,-,-,-,-,-,-,-,61.319904056878194,80.8744749154883,42.32195512251424,1.8405660850186618,6.391285405138313,-,-,-,-,-
